Experience,Weight,Rank,AHP Score
9,0.314871073,1,9
8,0.207260611,2,8
7,0.123711431,3,7
6,0.096072474,4,6
5,0.072486242,5,5
4,0.054766712,6,4
3,0.048702206,7,3
2,0.043232823,8,2
1,0.038896429,9,1
